--
-- PostgreSQL database dump
--

-- Dumped from database version 9.5.12
-- Dumped by pg_dump version 9.5.12

SET statement_timeout = 0;
SET lock_timeout = 0;
SET client_encoding = 'UTF8';
SET standard_conforming_strings = on;
SELECT pg_catalog.set_config('search_path', '', false);
SET check_function_bodies = false;
SET client_min_messages = warning;
SET row_security = off;

--
-- Name: plpgsql; Type: EXTENSION; Schema: -; Owner: 
--

CREATE EXTENSION IF NOT EXISTS plpgsql WITH SCHEMA pg_catalog;


--
-- Name: EXTENSION plpgsql; Type: COMMENT; Schema: -; Owner: 
--

COMMENT ON EXTENSION plpgsql IS 'PL/pgSQL procedural language';


SET default_tablespace = '';

SET default_with_oids = false;

--
-- Name: brands; Type: TABLE; Schema: public; Owner: cesar
--

CREATE TABLE public.brands (
    name character varying
);


ALTER TABLE public.brands OWNER TO cesar;

--
-- Name: carts; Type: TABLE; Schema: public; Owner: cesar
--

CREATE TABLE public.carts (
    user_id integer,
    product_id integer,
    product_name character varying NOT NULL,
    quantity integer NOT NULL,
    ordered boolean DEFAULT false NOT NULL,
    product_price numeric,
    total numeric
);


ALTER TABLE public.carts OWNER TO cesar;

--
-- Name: departments; Type: TABLE; Schema: public; Owner: cesar
--

CREATE TABLE public.departments (
    name character varying
);


ALTER TABLE public.departments OWNER TO cesar;

--
-- Name: orders; Type: TABLE; Schema: public; Owner: cesar
--

CREATE TABLE public.orders (
    bill_number integer NOT NULL,
    status boolean DEFAULT false NOT NULL,
    first_name character varying(25),
    last_name character varying(25) NOT NULL,
    total numeric,
    comment text,
    billing_date date NOT NULL,
    order_number integer NOT NULL,
    deliver_date date,
    payment_date date,
    user_id integer
);


ALTER TABLE public.orders OWNER TO cesar;

--
-- Name: orders_order_number_seq; Type: SEQUENCE; Schema: public; Owner: cesar
--

CREATE SEQUENCE public.orders_order_number_seq
    START WITH 1
    INCREMENT BY 1
    NO MINVALUE
    NO MAXVALUE
    CACHE 1;


ALTER TABLE public.orders_order_number_seq OWNER TO cesar;

--
-- Name: orders_order_number_seq; Type: SEQUENCE OWNED BY; Schema: public; Owner: cesar
--

ALTER SEQUENCE public.orders_order_number_seq OWNED BY public.orders.order_number;


--
-- Name: products; Type: TABLE; Schema: public; Owner: cesar
--

CREATE TABLE public.products (
    id integer NOT NULL,
    user_id integer,
    description text,
    stock integer NOT NULL,
    type_supplier boolean NOT NULL,
    brand character varying NOT NULL,
    department character varying NOT NULL,
    code character varying NOT NULL,
    price numeric
);


ALTER TABLE public.products OWNER TO cesar;

--
-- Name: products_id_seq; Type: SEQUENCE; Schema: public; Owner: cesar
--

CREATE SEQUENCE public.products_id_seq
    START WITH 1
    INCREMENT BY 1
    NO MINVALUE
    NO MAXVALUE
    CACHE 1;


ALTER TABLE public.products_id_seq OWNER TO cesar;

--
-- Name: products_id_seq; Type: SEQUENCE OWNED BY; Schema: public; Owner: cesar
--

ALTER SEQUENCE public.products_id_seq OWNED BY public.products.id;


--
-- Name: users; Type: TABLE; Schema: public; Owner: cesar
--

CREATE TABLE public.users (
    id integer NOT NULL,
    password character varying NOT NULL,
    email character varying(25) NOT NULL,
    name character varying(15) NOT NULL,
    last_name character varying(15) NOT NULL,
    admin boolean DEFAULT false NOT NULL,
    zone text NOT NULL
);


ALTER TABLE public.users OWNER TO cesar;

--
-- Name: users_id_seq; Type: SEQUENCE; Schema: public; Owner: cesar
--

CREATE SEQUENCE public.users_id_seq
    START WITH 1
    INCREMENT BY 1
    NO MINVALUE
    NO MAXVALUE
    CACHE 1;


ALTER TABLE public.users_id_seq OWNER TO cesar;

--
-- Name: users_id_seq; Type: SEQUENCE OWNED BY; Schema: public; Owner: cesar
--

ALTER SEQUENCE public.users_id_seq OWNED BY public.users.id;


--
-- Name: order_number; Type: DEFAULT; Schema: public; Owner: cesar
--

ALTER TABLE ONLY public.orders ALTER COLUMN order_number SET DEFAULT nextval('public.orders_order_number_seq'::regclass);


--
-- Name: id; Type: DEFAULT; Schema: public; Owner: cesar
--

ALTER TABLE ONLY public.products ALTER COLUMN id SET DEFAULT nextval('public.products_id_seq'::regclass);


--
-- Name: id; Type: DEFAULT; Schema: public; Owner: cesar
--

ALTER TABLE ONLY public.users ALTER COLUMN id SET DEFAULT nextval('public.users_id_seq'::regclass);


--
-- Data for Name: brands; Type: TABLE DATA; Schema: public; Owner: cesar
--

COPY public.brands (name) FROM stdin;
testing
a
b
c
d
e
F
G
H
\.


--
-- Data for Name: carts; Type: TABLE DATA; Schema: public; Owner: cesar
--

COPY public.carts (user_id, product_id, product_name, quantity, ordered, product_price, total) FROM stdin;
27	46	asd	4	t	10000000.24	40000000.96
26	53	asdasd	5	t	123123	615615
26	55	probandooo	555	t	456456	253333080
26	50	WETESTING	12	t	1269988.56	15239856
26	52	THIRD TEST	78999	t	456.56	36023544
26	51	second test	33	t	1258.90	41514
\.


--
-- Data for Name: departments; Type: TABLE DATA; Schema: public; Owner: cesar
--

COPY public.departments (name) FROM stdin;
second
a
a
b
a
b
c
a
b
c
d
a
b
c
d
e
a
b
c
d
e
F
a
b
c
d
e
F
G
a
d
e
b
c
F
G
H
\.


--
-- Data for Name: orders; Type: TABLE DATA; Schema: public; Owner: cesar
--

COPY public.orders (bill_number, status, first_name, last_name, total, comment, billing_date, order_number, deliver_date, payment_date, user_id) FROM stdin;
106632258	f	abimael	agustin	8000627.32	\N	2018-04-03	18	\N	\N	27
745272	f	HOLA COMO ESTAS	QUE HACES AMIGO	564456	\N	2018-03-15	15	2018-04-03	2018-04-08	27
33333333	f	testing	testing	40000124.84	\N	2018-04-04	19	\N	\N	27
4444444	t	dandy	dandy otra vez	420	\N	2018-02-23	9	2018-02-27	2018-03-04	\N
12453	f	aaaa	bbbb	159159159159159159159	\N	2018-03-17	16	2018-05-31	2018-05-31	27
1234	t	\N	LOL	\N	\N	2018-01-31	4	2018-02-14	2018-02-18	\N
12345	t	\N	test	\N	\N	2018-02-12	5	2018-02-14	2018-02-18	\N
5245	f	Test	Testing	452	\N	2018-02-20	8	2018-02-23	2018-02-26	\N
445567	t	eduardo	hernandez	852	\N	2018-02-10	7	2018-02-14	2018-02-18	\N
78953	f	\N	asdasdhuehue	\N	arianna es boba	2018-02-01	2	2018-02-14	2018-02-18	\N
123	t	\N	Jon	\N	\N	2018-03-15	3	2018-02-14	2018-02-14	\N
24	t	Oscar	Julio	57	\N	2018-02-23	11	2018-02-27	2018-02-27	26
567890	t	amd	radeon 570	480	\N	2018-03-04	13	2018-03-04	2018-03-04	26
954654654	t	denise	irnun	456	\N	2018-03-06	14	2018-03-06	2018-03-06	26
5584	f	Nievely	Duran	55	me pago con cheuqet	2018-02-23	10	2018-02-27	2018-03-06	\N
142	t	abimael	agustin	8000627.32	\N	2018-04-03	17	2018-04-03	2018-04-03	27
\.


--
-- Name: orders_order_number_seq; Type: SEQUENCE SET; Schema: public; Owner: cesar
--

SELECT pg_catalog.setval('public.orders_order_number_seq', 19, true);


--
-- Data for Name: products; Type: TABLE DATA; Schema: public; Owner: cesar
--

COPY public.products (id, user_id, description, stock, type_supplier, brand, department, code, price) FROM stdin;
53	26	asdasd	123118	t	testing		asdasd	123123
59	26	aasd	12	t	testing	second	CTKB8807	2000000000
46	\N		-4	t	testing	second	asd	153123159.12
50	26	ITS A TEST	111	f	testing		WETESTING	1269988.56
55	26	hasdh	-99	t	testing		probandooo	456456
51	26	second test	89	t	testing		second test	1258.90
52	26	buenisimo	-78786	t	testing		THIRD TEST	456.56
60	26	weqeqwe	2323	t	e	c	qweqwe	123123123
\.


--
-- Name: products_id_seq; Type: SEQUENCE SET; Schema: public; Owner: cesar
--

SELECT pg_catalog.setval('public.products_id_seq', 60, true);


--
-- Data for Name: users; Type: TABLE DATA; Schema: public; Owner: cesar
--

COPY public.users (id, password, email, name, last_name, admin, zone) FROM stdin;
26	a	cesarbrazon10@gmail.com	cesar	brazon	t	maracaibo
27	a	a@a.com	abimael	agustin	f	maracaibo
28	$2a$10$46boI7l16ik2OFvxwHsEke/9EgIL0VGJdx8laO18DERb62RdaJRdG	a@d.com	holaquetal	ko	f	maracaibo
29	a	b@b.com	a	a	f	maracaibo
\.


--
-- Name: users_id_seq; Type: SEQUENCE SET; Schema: public; Owner: cesar
--

SELECT pg_catalog.setval('public.users_id_seq', 29, true);


--
-- Name: email; Type: CONSTRAINT; Schema: public; Owner: cesar
--

ALTER TABLE ONLY public.users
    ADD CONSTRAINT email UNIQUE (email);


--
-- Name: orders_pkey; Type: CONSTRAINT; Schema: public; Owner: cesar
--

ALTER TABLE ONLY public.orders
    ADD CONSTRAINT orders_pkey PRIMARY KEY (bill_number);


--
-- Name: products_pkey; Type: CONSTRAINT; Schema: public; Owner: cesar
--

ALTER TABLE ONLY public.products
    ADD CONSTRAINT products_pkey PRIMARY KEY (id);


--
-- Name: unique_code; Type: CONSTRAINT; Schema: public; Owner: cesar
--

ALTER TABLE ONLY public.products
    ADD CONSTRAINT unique_code UNIQUE (code);


--
-- Name: users_pkey; Type: CONSTRAINT; Schema: public; Owner: cesar
--

ALTER TABLE ONLY public.users
    ADD CONSTRAINT users_pkey PRIMARY KEY (id);


--
-- Name: fk_user_id; Type: FK CONSTRAINT; Schema: public; Owner: cesar
--

ALTER TABLE ONLY public.orders
    ADD CONSTRAINT fk_user_id FOREIGN KEY (user_id) REFERENCES public.users(id);


--
-- Name: product_id; Type: FK CONSTRAINT; Schema: public; Owner: cesar
--

ALTER TABLE ONLY public.carts
    ADD CONSTRAINT product_id FOREIGN KEY (product_id) REFERENCES public.products(id) ON DELETE CASCADE;


--
-- Name: user_id; Type: FK CONSTRAINT; Schema: public; Owner: cesar
--

ALTER TABLE ONLY public.products
    ADD CONSTRAINT user_id FOREIGN KEY (user_id) REFERENCES public.users(id) ON DELETE CASCADE;


--
-- Name: user_id; Type: FK CONSTRAINT; Schema: public; Owner: cesar
--

ALTER TABLE ONLY public.carts
    ADD CONSTRAINT user_id FOREIGN KEY (user_id) REFERENCES public.users(id) ON DELETE CASCADE;


--
-- Name: SCHEMA public; Type: ACL; Schema: -; Owner: postgres
--

REVOKE ALL ON SCHEMA public FROM PUBLIC;
REVOKE ALL ON SCHEMA public FROM postgres;
GRANT ALL ON SCHEMA public TO postgres;
GRANT ALL ON SCHEMA public TO PUBLIC;


--
-- PostgreSQL database dump complete
--

